Year,Start_X,Start_Y,End_X,End_Y
2005,-94.1709715,36.0667575,-94.1712735,36.067361
2006,-94.1713245,36.0673595,-94.1725085,36.0673615
2007,-94.1719625,36.0673565,-94.1729705,36.067365
